--------------------------------------------------------
--  File creato - mercoledì-ottobre-10-2018   
--------------------------------------------------------
--------------------------------------------------------
--  DDL for Sequence ID_SEQ
--------------------------------------------------------

   CREATE SEQUENCE  "ADMIN"."ID_SEQ"  MINVALUE 1 MAXVALUE 9999999999999999999999999999 INCREMENT BY 1 START WITH 101 CACHE 20 NOORDER  NOCYCLE ;
--------------------------------------------------------
--  DDL for Sequence CL_ID_SEQ
--------------------------------------------------------

   CREATE SEQUENCE  "ADMIN"."CL_ID_SEQ"  MINVALUE 1 MAXVALUE 9999999999999999999999999999 INCREMENT BY 1 START WITH 81 CACHE 20 NOORDER  NOCYCLE ;
--------------------------------------------------------
--  DDL for Sequence EV_ID_SEQ
--------------------------------------------------------

   CREATE SEQUENCE  "ADMIN"."EV_ID_SEQ"  MINVALUE 1 MAXVALUE 9999999999999999999999999999 INCREMENT BY 1 START WITH 221 CACHE 20 NOORDER  NOCYCLE ;
--------------------------------------------------------
--  DDL for Table ADDETTO
--------------------------------------------------------

  CREATE TABLE "ADMIN"."ADDETTO" 
   (	"ID" NUMBER, 
	"CODICE_FISCALE" VARCHAR2(16 BYTE), 
	"DATA_ASSUNZIONE" DATE, 
	"STIPENDIO" FLOAT(126), 
	"EMAIL" VARCHAR2(30 BYTE), 
	"TELEFONO" VARCHAR2(10 BYTE), 
	"IBAN" VARCHAR2(27 BYTE)
   ) SEGMENT CREATION IMMEDIATE 
  PCTFREE 10 PCTUSED 40 INITRANS 1 MAXTRANS 255 NOCOMPRESS LOGGING
  STORAGE(INITIAL 65536 NEXT 1048576 MINEXTENTS 1 MAXEXTENTS 2147483645
  PCTINCREASE 0 FREELISTS 1 FREELIST GROUPS 1 BUFFER_POOL DEFAULT FLASH_CACHE DEFAULT CELL_FLASH_CACHE DEFAULT)
  TABLESPACE "SYSTEM" ;
--------------------------------------------------------
--  DDL for Table BIGLIETTI_VENDUTI
--------------------------------------------------------

  CREATE TABLE "ADMIN"."BIGLIETTI_VENDUTI" 
   (	"IDEVENTO" NUMBER, 
	"IDCLIENTI" NUMBER, 
	"NUMERO" NUMBER
   ) SEGMENT CREATION IMMEDIATE 
  PCTFREE 10 PCTUSED 40 INITRANS 1 MAXTRANS 255 NOCOMPRESS LOGGING
  STORAGE(INITIAL 65536 NEXT 1048576 MINEXTENTS 1 MAXEXTENTS 2147483645
  PCTINCREASE 0 FREELISTS 1 FREELIST GROUPS 1 BUFFER_POOL DEFAULT FLASH_CACHE DEFAULT CELL_FLASH_CACHE DEFAULT)
  TABLESPACE "SYSTEM" ;
--------------------------------------------------------
--  DDL for Table CLIENTE
--------------------------------------------------------

  CREATE TABLE "ADMIN"."CLIENTE" 
   (	"ID" NUMBER, 
	"USERNAME" VARCHAR2(20 BYTE), 
	"PASSWORD" VARCHAR2(20 BYTE), 
	"CODICE_FISCALE" VARCHAR2(20 BYTE), 
	"EMAIL" VARCHAR2(20 BYTE), 
	"TELEFONO" VARCHAR2(20 BYTE), 
	"SPESA_TOT" FLOAT(126), 
	"SPESA_CARTA" FLOAT(126), 
	"NUM_BIGLIETTI" NUMBER
   ) SEGMENT CREATION IMMEDIATE 
  PCTFREE 10 PCTUSED 40 INITRANS 1 MAXTRANS 255 NOCOMPRESS LOGGING
  STORAGE(INITIAL 65536 NEXT 1048576 MINEXTENTS 1 MAXEXTENTS 2147483645
  PCTINCREASE 0 FREELISTS 1 FREELIST GROUPS 1 BUFFER_POOL DEFAULT FLASH_CACHE DEFAULT CELL_FLASH_CACHE DEFAULT)
  TABLESPACE "SYSTEM" ;
--------------------------------------------------------
--  DDL for Table EVENTO
--------------------------------------------------------

  CREATE TABLE "ADMIN"."EVENTO" 
   (	"ID" NUMBER, 
	"NOME" VARCHAR2(128 BYTE), 
	"LUOGO" VARCHAR2(20 BYTE), 
	"DATA" DATE, 
	"PREZZO" FLOAT(126), 
	"DESCRIZIONE" VARCHAR2(280 BYTE), 
	"TIPOLOGIA" VARCHAR2(20 BYTE), 
	"CITTA" VARCHAR2(20 BYTE), 
	"CAPIENZA_EVENTO" NUMBER, 
	"GENERE" VARCHAR2(8 BYTE), 
	"BIGLIETTI_VENDUTI" NUMBER
   ) SEGMENT CREATION IMMEDIATE 
  PCTFREE 10 PCTUSED 40 INITRANS 1 MAXTRANS 255 NOCOMPRESS LOGGING
  STORAGE(INITIAL 65536 NEXT 1048576 MINEXTENTS 1 MAXEXTENTS 2147483645
  PCTINCREASE 0 FREELISTS 1 FREELIST GROUPS 1 BUFFER_POOL DEFAULT FLASH_CACHE DEFAULT CELL_FLASH_CACHE DEFAULT)
  TABLESPACE "SYSTEM" ;
--------------------------------------------------------
--  DDL for Table IMPIEGATO
--------------------------------------------------------

  CREATE TABLE "ADMIN"."IMPIEGATO" 
   (	"ID" NUMBER, 
	"USERNAME" VARCHAR2(20 BYTE), 
	"PASSWORD" VARCHAR2(20 BYTE), 
	"ADMIN" VARCHAR2(1 BYTE)
   ) SEGMENT CREATION IMMEDIATE 
  PCTFREE 10 PCTUSED 40 INITRANS 1 MAXTRANS 255 NOCOMPRESS LOGGING
  STORAGE(INITIAL 65536 NEXT 1048576 MINEXTENTS 1 MAXEXTENTS 2147483645
  PCTINCREASE 0 FREELISTS 1 FREELIST GROUPS 1 BUFFER_POOL DEFAULT FLASH_CACHE DEFAULT CELL_FLASH_CACHE DEFAULT)
  TABLESPACE "SYSTEM" ;
--------------------------------------------------------
--  DDL for Table PARTECIPANTI_EVENTO
--------------------------------------------------------

  CREATE TABLE "ADMIN"."PARTECIPANTI_EVENTO" 
   (	"ID_EVENTO" NUMBER, 
	"PARTECIPANTE" VARCHAR2(20 BYTE)
   ) SEGMENT CREATION IMMEDIATE 
  PCTFREE 10 PCTUSED 40 INITRANS 1 MAXTRANS 255 NOCOMPRESS LOGGING
  STORAGE(INITIAL 65536 NEXT 1048576 MINEXTENTS 1 MAXEXTENTS 2147483645
  PCTINCREASE 0 FREELISTS 1 FREELIST GROUPS 1 BUFFER_POOL DEFAULT FLASH_CACHE DEFAULT CELL_FLASH_CACHE DEFAULT)
  TABLESPACE "SYSTEM" ;
--------------------------------------------------------
--  DDL for Table PERSONA
--------------------------------------------------------

  CREATE TABLE "ADMIN"."PERSONA" 
   (	"CODICE_FISCALE" VARCHAR2(16 BYTE), 
	"NOME" VARCHAR2(20 BYTE), 
	"COGNOME" VARCHAR2(20 BYTE), 
	"DATA_NASCITA" DATE
   ) SEGMENT CREATION IMMEDIATE 
  PCTFREE 10 PCTUSED 40 INITRANS 1 MAXTRANS 255 NOCOMPRESS LOGGING
  STORAGE(INITIAL 65536 NEXT 1048576 MINEXTENTS 1 MAXEXTENTS 2147483645
  PCTINCREASE 0 FREELISTS 1 FREELIST GROUPS 1 BUFFER_POOL DEFAULT FLASH_CACHE DEFAULT CELL_FLASH_CACHE DEFAULT)
  TABLESPACE "SYSTEM" ;
REM INSERTING into ADMIN.ADDETTO
SET DEFINE OFF;
Insert into ADMIN.ADDETTO (ID,CODICE_FISCALE,DATA_ASSUNZIONE,STIPENDIO,EMAIL,TELEFONO,IBAN) values ('43','ABCDEFGHI',to_date('07-SEP-18','DD-MON-RR'),'0','admin@ticket.it','3331234567',null);
Insert into ADMIN.ADDETTO (ID,CODICE_FISCALE,DATA_ASSUNZIONE,STIPENDIO,EMAIL,TELEFONO,IBAN) values ('61','CPTLDA96E04A535W',to_date('09-OCT-18','DD-MON-RR'),'1100','aldo.caputo@gmail.com','3205696326','IT1236547896541236547896541');
Insert into ADMIN.ADDETTO (ID,CODICE_FISCALE,DATA_ASSUNZIONE,STIPENDIO,EMAIL,TELEFONO,IBAN) values ('62','MZZCHR93S46L781L',to_date('09-OCT-18','DD-MON-RR'),'1350','cmazzocca@libero.it','4156987456','IT6547896521456325698754125');
Insert into ADMIN.ADDETTO (ID,CODICE_FISCALE,DATA_ASSUNZIONE,STIPENDIO,EMAIL,TELEFONO,IBAN) values ('63','GMBMNC90E49F205J',to_date('09-OCT-18','DD-MON-RR'),'990','gambamo@outlook.com','3475484845','IT7846953269854123654785412');
Insert into ADMIN.ADDETTO (ID,CODICE_FISCALE,DATA_ASSUNZIONE,STIPENDIO,EMAIL,TELEFONO,IBAN) values ('64','CPPFRZ80E03D122C',to_date('09-OCT-18','DD-MON-RR'),'1900','fabcoppi@gmail.com','3415658795','IT4587965236548796523657895');
Insert into ADMIN.ADDETTO (ID,CODICE_FISCALE,DATA_ASSUNZIONE,STIPENDIO,EMAIL,TELEFONO,IBAN) values ('65','CRDMRA93C06D969O',to_date('09-OCT-18','DD-MON-RR'),'2100','icardi@inter.it','3562145698','IT6547896523654152365478965');
Insert into ADMIN.ADDETTO (ID,CODICE_FISCALE,DATA_ASSUNZIONE,STIPENDIO,EMAIL,TELEFONO,IBAN) values ('66','BTTLSS99B49F839V',to_date('09-OCT-18','DD-MON-RR'),'900','battilo@libero.it','3254896523','IT1254789652365478965236547');
REM INSERTING into ADMIN.BIGLIETTI_VENDUTI
SET DEFINE OFF;
Insert into ADMIN.BIGLIETTI_VENDUTI (IDEVENTO,IDCLIENTI,NUMERO) values ('203','21',null);
REM INSERTING into ADMIN.CLIENTE
SET DEFINE OFF;
Insert into ADMIN.CLIENTE (ID,USERNAME,PASSWORD,CODICE_FISCALE,EMAIL,TELEFONO,SPESA_TOT,SPESA_CARTA,NUM_BIGLIETTI) values ('21','fpisani','pisa','PSNFBN58C58G702W','f.pisani@gmail.com','3784521695','350','200','30');
Insert into ADMIN.CLIENTE (ID,USERNAME,PASSWORD,CODICE_FISCALE,EMAIL,TELEFONO,SPESA_TOT,SPESA_CARTA,NUM_BIGLIETTI) values ('22','mlombardo','lomba','LBRMRN66C02F205H','m.lombardo@gmail.com','3781254695','280','280','20');
Insert into ADMIN.CLIENTE (ID,USERNAME,PASSWORD,CODICE_FISCALE,EMAIL,TELEFONO,SPESA_TOT,SPESA_CARTA,NUM_BIGLIETTI) values ('23','gcocci','coccinella','CCCGLL82R15D612C','g.cocci@gmail.com','3469587452','190','100','5');
Insert into ADMIN.CLIENTE (ID,USERNAME,PASSWORD,CODICE_FISCALE,EMAIL,TELEFONO,SPESA_TOT,SPESA_CARTA,NUM_BIGLIETTI) values ('24','vudinesi','udine','DNSVGL99B16L483E','v.udinesi@gmail.com','3789524621','300','250','20');
Insert into ADMIN.CLIENTE (ID,USERNAME,PASSWORD,CODICE_FISCALE,EMAIL,TELEFONO,SPESA_TOT,SPESA_CARTA,NUM_BIGLIETTI) values ('25','mesposito','farfalla','SPSMRC93S12F839V','m.esposito@gmail.com','3982145982','250','200','20');
Insert into ADMIN.CLIENTE (ID,USERNAME,PASSWORD,CODICE_FISCALE,EMAIL,TELEFONO,SPESA_TOT,SPESA_CARTA,NUM_BIGLIETTI) values ('26','garagona','semplice','RGNGRL02M43H501H','g.aragona@gmail.com','3772549586','84','70','3');
Insert into ADMIN.CLIENTE (ID,USERNAME,PASSWORD,CODICE_FISCALE,EMAIL,TELEFONO,SPESA_TOT,SPESA_CARTA,NUM_BIGLIETTI) values ('27','mcuomo','formica','CMUMRA65B28H703V','m.cuomo@gmail.com','3991258647','900','500','40');
Insert into ADMIN.CLIENTE (ID,USERNAME,PASSWORD,CODICE_FISCALE,EMAIL,TELEFONO,SPESA_TOT,SPESA_CARTA,NUM_BIGLIETTI) values ('28','atocchi','toccato','TCCNNL95T58H223U','a.tocchi@gmail.com','3981452784','80','80','2');
Insert into ADMIN.CLIENTE (ID,USERNAME,PASSWORD,CODICE_FISCALE,EMAIL,TELEFONO,SPESA_TOT,SPESA_CARTA,NUM_BIGLIETTI) values ('49','andx89','philips','MNNCRL92H03D843W','m.filli@gmail.com','3481548965','300','300','15');
Insert into ADMIN.CLIENTE (ID,USERNAME,PASSWORD,CODICE_FISCALE,EMAIL,TELEFONO,SPESA_TOT,SPESA_CARTA,NUM_BIGLIETTI) values ('61','lampadario','venom','LMPDRA80A01G964O','lampadaled@gmail.com','3785412896','700','700','35');
Insert into ADMIN.CLIENTE (ID,USERNAME,PASSWORD,CODICE_FISCALE,EMAIL,TELEFONO,SPESA_TOT,SPESA_CARTA,NUM_BIGLIETTI) values ('62','avela','yuppy','LBRRME80A01G964K','dueposti@alice.it','3885412463','850','800','40');
Insert into ADMIN.CLIENTE (ID,USERNAME,PASSWORD,CODICE_FISCALE,EMAIL,TELEFONO,SPESA_TOT,SPESA_CARTA,NUM_BIGLIETTI) values ('63','erminio69','diferro','TTNRME80A01G964Y','minio@gmail.com','3985412995','200','200','200');
Insert into ADMIN.CLIENTE (ID,USERNAME,PASSWORD,CODICE_FISCALE,EMAIL,TELEFONO,SPESA_TOT,SPESA_CARTA,NUM_BIGLIETTI) values ('64','rosa','ossa','CLTRSO80A01G964F','rose@live.it','3339547821','365','300','300');
Insert into ADMIN.CLIENTE (ID,USERNAME,PASSWORD,CODICE_FISCALE,EMAIL,TELEFONO,SPESA_TOT,SPESA_CARTA,NUM_BIGLIETTI) values ('65','maometto','montagna','MNTCLL92H03D843K','abc@hotmail.com','3284578214','150','50','10');
Insert into ADMIN.CLIENTE (ID,USERNAME,PASSWORD,CODICE_FISCALE,EMAIL,TELEFONO,SPESA_TOT,SPESA_CARTA,NUM_BIGLIETTI) values ('66','akille','attila','MNTCLL92H03D843W','webe@gmail.com','3985412785','800','800','20');
REM INSERTING into ADMIN.EVENTO
SET DEFINE OFF;
Insert into ADMIN.EVENTO (ID,NOME,LUOGO,DATA,PREZZO,DESCRIZIONE,TIPOLOGIA,CITTA,CAPIENZA_EVENTO,GENERE,BIGLIETTI_VENDUTI) values ('203','A Jazz Supreme 2018','OLIMPICO',to_date('14-OCT-18','DD-MON-RR'),'15',null,'MUSICALE','ROMA','50000','JAZZ','260');
Insert into ADMIN.EVENTO (ID,NOME,LUOGO,DATA,PREZZO,DESCRIZIONE,TIPOLOGIA,CITTA,CAPIENZA_EVENTO,GENERE,BIGLIETTI_VENDUTI) values ('204','A Jazz Supreme 2018','OLIMPICO',to_date('15-OCT-18','DD-MON-RR'),'15',null,'MUSICALE','ROMA','50000','JAZZ','270');
Insert into ADMIN.EVENTO (ID,NOME,LUOGO,DATA,PREZZO,DESCRIZIONE,TIPOLOGIA,CITTA,CAPIENZA_EVENTO,GENERE,BIGLIETTI_VENDUTI) values ('161','King Krule - Live ','PALAPARTENOPE',to_date('30-SEP-18','DD-MON-RR'),'12',null,'MUSICALE','NAPOLI','3000','JAZZ','90');
Insert into ADMIN.EVENTO (ID,NOME,LUOGO,DATA,PREZZO,DESCRIZIONE,TIPOLOGIA,CITTA,CAPIENZA_EVENTO,GENERE,BIGLIETTI_VENDUTI) values ('162','Calcutta Concerto Di','PALAPARTENOPE',to_date('26-JAN-19','DD-MON-RR'),'23,32',null,'MUSICALE','NAPOLI','3000','POP','34');
Insert into ADMIN.EVENTO (ID,NOME,LUOGO,DATA,PREZZO,DESCRIZIONE,TIPOLOGIA,CITTA,CAPIENZA_EVENTO,GENERE,BIGLIETTI_VENDUTI) values ('205','A Jazz Supreme 2018','OLIMPICO',to_date('16-OCT-18','DD-MON-RR'),'15',null,'MUSICALE','ROMA','50000','JAZZ','300');
Insert into ADMIN.EVENTO (ID,NOME,LUOGO,DATA,PREZZO,DESCRIZIONE,TIPOLOGIA,CITTA,CAPIENZA_EVENTO,GENERE,BIGLIETTI_VENDUTI) values ('207','AC Milan','SANSIRO',to_date('13-OCT-18','DD-MON-RR'),'30','Ciascun abbonato, indicando il codice della propria carta Cuore Rossonero, può acquistare fino a un massimo di quattro biglietti, approfittando di un listino dedicato.','SPORTIVO','NAPOLI','70000','CALCIO','6000');
Insert into ADMIN.EVENTO (ID,NOME,LUOGO,DATA,PREZZO,DESCRIZIONE,TIPOLOGIA,CITTA,CAPIENZA_EVENTO,GENERE,BIGLIETTI_VENDUTI) values ('174','A Christmas Carol Musical','SANCARLO',to_date('29-OCT-18','DD-MON-RR'),'27',null,'MUSICALE','NAPOLI','30000','ALTRO','22564');
Insert into ADMIN.EVENTO (ID,NOME,LUOGO,DATA,PREZZO,DESCRIZIONE,TIPOLOGIA,CITTA,CAPIENZA_EVENTO,GENERE,BIGLIETTI_VENDUTI) values ('175','Milano Rocks ','MAGAZZINIGENERALI',to_date('22-NOV-18','DD-MON-RR'),'16',null,'MUSICALE','MILANO','2500','ROCK','275');
Insert into ADMIN.EVENTO (ID,NOME,LUOGO,DATA,PREZZO,DESCRIZIONE,TIPOLOGIA,CITTA,CAPIENZA_EVENTO,GENERE,BIGLIETTI_VENDUTI) values ('176','Milano Rocks','MEDIOLANUMFORUM',to_date('24-NOV-18','DD-MON-RR'),'16',null,'MUSICALE','MILANO','2000','ROCK','145');
Insert into ADMIN.EVENTO (ID,NOME,LUOGO,DATA,PREZZO,DESCRIZIONE,TIPOLOGIA,CITTA,CAPIENZA_EVENTO,GENERE,BIGLIETTI_VENDUTI) values ('177','Milano Rocks','MEDIOLANUMFORUM',to_date('25-NOV-18','DD-MON-RR'),'16',null,'MUSICALE','MILANO','2000','ROCK','365');
Insert into ADMIN.EVENTO (ID,NOME,LUOGO,DATA,PREZZO,DESCRIZIONE,TIPOLOGIA,CITTA,CAPIENZA_EVENTO,GENERE,BIGLIETTI_VENDUTI) values ('178','Milano Rocks','MEDIOLANUMFORUM',to_date('26-NOV-18','DD-MON-RR'),'16',null,'MUSICALE','MILANO','2000','ROCK','190');
Insert into ADMIN.EVENTO (ID,NOME,LUOGO,DATA,PREZZO,DESCRIZIONE,TIPOLOGIA,CITTA,CAPIENZA_EVENTO,GENERE,BIGLIETTI_VENDUTI) values ('179','Cin ci là','OLIMPICO',to_date('04-APR-19','DD-MON-RR'),'25','In una Cina da cartolina illustrata siamo in pieno Cion-ki-sin. I Principini della casa regnante, dopo essersi sposati, non hanno, però, le idee','TEATRO','ROMA','50000','OPERA','2860');
Insert into ADMIN.EVENTO (ID,NOME,LUOGO,DATA,PREZZO,DESCRIZIONE,TIPOLOGIA,CITTA,CAPIENZA_EVENTO,GENERE,BIGLIETTI_VENDUTI) values ('180','Scugnizza','ARENADIVERONA',to_date('13-APR-19','DD-MON-RR'),'25','Nella festosa cornice di Napoli, due scugnizzi Totò e Salomè, con la loro fitta ...','TEATRO','VERONA','5000','OPERA','1450');
Insert into ADMIN.EVENTO (ID,NOME,LUOGO,DATA,PREZZO,DESCRIZIONE,TIPOLOGIA,CITTA,CAPIENZA_EVENTO,GENERE,BIGLIETTI_VENDUTI) values ('181','Scugnizza','ARENADIVERONA',to_date('14-APR-19','DD-MON-RR'),'25','Nella festosa cornice di Napoli, due scugnizzi Totò e Salomè, con la loro fitta ...','TEATRO','VERONA','5000','OPERA','3560');
Insert into ADMIN.EVENTO (ID,NOME,LUOGO,DATA,PREZZO,DESCRIZIONE,TIPOLOGIA,CITTA,CAPIENZA_EVENTO,GENERE,BIGLIETTI_VENDUTI) values ('182','Bonsoir Varietà','DIANA',to_date('08-DEC-18','DD-MON-RR'),'22','Al Cavallino Bianco fu uno spettacolo a metà strada tra l’operetta e la rivista che debuttò nel 1931 al Teatro Lirico di Milano, poi questo genere si diffuse col nome di “Rivista” con Wanda Osiris,','TEATRO','NAPOLI','2000','OPERA','1652');
Insert into ADMIN.EVENTO (ID,NOME,LUOGO,DATA,PREZZO,DESCRIZIONE,TIPOLOGIA,CITTA,CAPIENZA_EVENTO,GENERE,BIGLIETTI_VENDUTI) values ('183','Bonsoir Varietà','DIANA',to_date('09-DEC-18','DD-MON-RR'),'22','Al Cavallino Bianco fu uno spettacolo a metà strada tra l’operetta e la rivista che debuttò nel 1931 al Teatro Lirico di Milano, poi questo genere si diffuse col nome di “Rivista” con Wanda Osiris,','TEATRO','NAPOLI','2000','OPERA','1452');
Insert into ADMIN.EVENTO (ID,NOME,LUOGO,DATA,PREZZO,DESCRIZIONE,TIPOLOGIA,CITTA,CAPIENZA_EVENTO,GENERE,BIGLIETTI_VENDUTI) values ('184','BLACK BLUES BROTHERS','PALAPARTENOPE',to_date('24-FEB-19','DD-MON-RR'),'20','Black e Blue non sono solo colori ma soprattutto stati d’animo. E Brother non è solo una parola ma un modo di essere. Cinque acrobati in stile ','MANIFESTAZIONI','NAPOLI','3000','CIRCO','1400');
Insert into ADMIN.EVENTO (ID,NOME,LUOGO,DATA,PREZZO,DESCRIZIONE,TIPOLOGIA,CITTA,CAPIENZA_EVENTO,GENERE,BIGLIETTI_VENDUTI) values ('185','Clown and the cats','MEDIOLANUMFORUM',to_date('15-MAR-19','DD-MON-RR'),'21','Per la prima volta in Italia arriva il Teatro dei Gatti, uno show unico al mondo nato a Mosca negli anni ’70. Sul palco il grande clown Kucklachev con i suoi 32 gatti','MANIFESTAZIONI','MILANO','2000','CIRCO','390');
Insert into ADMIN.EVENTO (ID,NOME,LUOGO,DATA,PREZZO,DESCRIZIONE,TIPOLOGIA,CITTA,CAPIENZA_EVENTO,GENERE,BIGLIETTI_VENDUTI) values ('186','Clown and the cats','MEDIOLANUMFORUM',to_date('16-MAR-19','DD-MON-RR'),'21','Per la prima volta in Italia arriva il Teatro dei Gatti, uno show unico al mondo nato a Mosca negli anni ’70. Sul palco il grande clown Kucklachev con i suoi 32 gatti','MANIFESTAZIONI','MILANO','2000','CIRCO','1800');
Insert into ADMIN.EVENTO (ID,NOME,LUOGO,DATA,PREZZO,DESCRIZIONE,TIPOLOGIA,CITTA,CAPIENZA_EVENTO,GENERE,BIGLIETTI_VENDUTI) values ('187','Clown and the cats','MEDIOLANUMFORUM',to_date('17-MAR-19','DD-MON-RR'),'21','Per la prima volta in Italia arriva il Teatro dei Gatti, uno show unico al mondo nato a Mosca negli anni ’70. Sul palco il grande clown Kucklachev con i suoi 32 gatti','MANIFESTAZIONI','MILANO','2000','CIRCO','1250');
Insert into ADMIN.EVENTO (ID,NOME,LUOGO,DATA,PREZZO,DESCRIZIONE,TIPOLOGIA,CITTA,CAPIENZA_EVENTO,GENERE,BIGLIETTI_VENDUTI) values ('188','Psychiatric Alcatraz','SANSIRO',to_date('09-OCT-18','DD-MON-RR'),'22','Sono ore da scontare, ma non sono giorni scontati per i detenuti di “Psychiatric-Alcatraz”.','MANIFESTAZIONI','NAPOLI','70000','CIRCO','360');
Insert into ADMIN.EVENTO (ID,NOME,LUOGO,DATA,PREZZO,DESCRIZIONE,TIPOLOGIA,CITTA,CAPIENZA_EVENTO,GENERE,BIGLIETTI_VENDUTI) values ('189','Psychiatric Alcatraz','SANSIRO',to_date('10-OCT-18','DD-MON-RR'),'22','Sono ore da scontare, ma non sono giorni scontati per i detenuti di “Psychiatric-Alcatraz”.','MANIFESTAZIONI','NAPOLI','70000','CIRCO','500');
Insert into ADMIN.EVENTO (ID,NOME,LUOGO,DATA,PREZZO,DESCRIZIONE,TIPOLOGIA,CITTA,CAPIENZA_EVENTO,GENERE,BIGLIETTI_VENDUTI) values ('190','Psychiatric Alcatraz','SANSIRO',to_date('11-OCT-18','DD-MON-RR'),'22','Sono ore da scontare, ma non sono giorni scontati per i detenuti di “Psychiatric-Alcatraz”.','MANIFESTAZIONI','NAPOLI','70000','CIRCO','27000');
Insert into ADMIN.EVENTO (ID,NOME,LUOGO,DATA,PREZZO,DESCRIZIONE,TIPOLOGIA,CITTA,CAPIENZA_EVENTO,GENERE,BIGLIETTI_VENDUTI) values ('191','Psychiatric Alcatraz','SANSIRO',to_date('12-OCT-18','DD-MON-RR'),'22','Sono ore da scontare, ma non sono giorni scontati per i detenuti di “Psychiatric-Alcatraz”.','MANIFESTAZIONI','NAPOLI','70000','CIRCO','1600');
Insert into ADMIN.EVENTO (ID,NOME,LUOGO,DATA,PREZZO,DESCRIZIONE,TIPOLOGIA,CITTA,CAPIENZA_EVENTO,GENERE,BIGLIETTI_VENDUTI) values ('193','Brocantage','DIANA',to_date('19-OCT-18','DD-MON-RR'),'11','La mostra-mercato "Brocantage", che ha come sottotitolo la dizione "Fiera dell''Antico", è uno dei più importanti ed apprezzati appuntamenti di Novegro.
','MANIFESTAZIONI','NAPOLI','2000','FIERA','500');
Insert into ADMIN.EVENTO (ID,NOME,LUOGO,DATA,PREZZO,DESCRIZIONE,TIPOLOGIA,CITTA,CAPIENZA_EVENTO,GENERE,BIGLIETTI_VENDUTI) values ('194','Brocantage','DIANA',to_date('20-OCT-18','DD-MON-RR'),'11','La mostra-mercato "Brocantage", che ha come sottotitolo la dizione "Fiera dell''Antico", è uno dei più importanti ed apprezzati appuntamenti di Novegro.
','MANIFESTAZIONI','NAPOLI','2000','FIERA','470');
Insert into ADMIN.EVENTO (ID,NOME,LUOGO,DATA,PREZZO,DESCRIZIONE,TIPOLOGIA,CITTA,CAPIENZA_EVENTO,GENERE,BIGLIETTI_VENDUTI) values ('195','Brocantage','DIANA',to_date('21-OCT-18','DD-MON-RR'),'11','La mostra-mercato "Brocantage", che ha come sottotitolo la dizione "Fiera dell''Antico", è uno dei più importanti ed apprezzati appuntamenti di Novegro.
','MANIFESTAZIONI','NAPOLI','2000','FIERA','380');
Insert into ADMIN.EVENTO (ID,NOME,LUOGO,DATA,PREZZO,DESCRIZIONE,TIPOLOGIA,CITTA,CAPIENZA_EVENTO,GENERE,BIGLIETTI_VENDUTI) values ('196','Brocantage','DIANA',to_date('22-OCT-18','DD-MON-RR'),'11','La mostra-mercato "Brocantage", che ha come sottotitolo la dizione "Fiera dell''Antico", è uno dei più importanti ed apprezzati appuntamenti di Novegro.
','MANIFESTAZIONI','NAPOLI','2000','FIERA','270');
Insert into ADMIN.EVENTO (ID,NOME,LUOGO,DATA,PREZZO,DESCRIZIONE,TIPOLOGIA,CITTA,CAPIENZA_EVENTO,GENERE,BIGLIETTI_VENDUTI) values ('197','Roma Sposa','EXDOAGANA',to_date('18-OCT-18','DD-MON-RR'),'5','La Mostra di settore più importante d’Italia si rivolge ad un target attento ed esigente proveniente da tutto il Paese presentando la più vasta e aggiornata panoramica sul mondo del Wedding.','MANIFESTAZIONI','ROMA','400','FIERA','250');
Insert into ADMIN.EVENTO (ID,NOME,LUOGO,DATA,PREZZO,DESCRIZIONE,TIPOLOGIA,CITTA,CAPIENZA_EVENTO,GENERE,BIGLIETTI_VENDUTI) values ('198','Roma Sposa','EXDOAGANA',to_date('21-OCT-18','DD-MON-RR'),'5','La Mostra di settore più importante d’Italia si rivolge ad un target attento ed esigente proveniente da tutto il Paese presentando la più vasta e aggiorna','MANIFESTAZIONI','ROMA','400','FIERA','192');
Insert into ADMIN.EVENTO (ID,NOME,LUOGO,DATA,PREZZO,DESCRIZIONE,TIPOLOGIA,CITTA,CAPIENZA_EVENTO,GENERE,BIGLIETTI_VENDUTI) values ('199','Roma Sposa','EXDOAGANA',to_date('19-OCT-18','DD-MON-RR'),'5','La Mostra di settore più importante d’Italia si rivolge ad un target attento ed esigente proveniente da tutto il Paese presentando la più vasta e aggiorna','MANIFESTAZIONI','ROMA','400','FIERA','300');
Insert into ADMIN.EVENTO (ID,NOME,LUOGO,DATA,PREZZO,DESCRIZIONE,TIPOLOGIA,CITTA,CAPIENZA_EVENTO,GENERE,BIGLIETTI_VENDUTI) values ('200','Roma Sposa','EXDOAGANA',to_date('20-OCT-18','DD-MON-RR'),'5','La Mostra di settore più importante d’Italia si rivolge ad un target attento ed esigente proveniente da tutto il Paese presentando la più vasta e aggiorna','MANIFESTAZIONI','ROMA','400','FIERA','180');
Insert into ADMIN.EVENTO (ID,NOME,LUOGO,DATA,PREZZO,DESCRIZIONE,TIPOLOGIA,CITTA,CAPIENZA_EVENTO,GENERE,BIGLIETTI_VENDUTI) values ('201','A Jazz Supreme 2018','OLIMPICO',to_date('12-OCT-18','DD-MON-RR'),'15',null,'MUSICALE','ROMA','50000','JAZZ','700');
Insert into ADMIN.EVENTO (ID,NOME,LUOGO,DATA,PREZZO,DESCRIZIONE,TIPOLOGIA,CITTA,CAPIENZA_EVENTO,GENERE,BIGLIETTI_VENDUTI) values ('202','A Jazz Supreme 2018','OLIMPICO',to_date('13-OCT-18','DD-MON-RR'),'15',null,'MUSICALE','ROMA','50000','JAZZ','145');
REM INSERTING into ADMIN.IMPIEGATO
SET DEFINE OFF;
Insert into ADMIN.IMPIEGATO (ID,USERNAME,PASSWORD,ADMIN) values ('43','admin','admin','V');
REM INSERTING into ADMIN.PARTECIPANTI_EVENTO
SET DEFINE OFF;
Insert into ADMIN.PARTECIPANTI_EVENTO (ID_EVENTO,PARTECIPANTE) values ('161','King Krule');
Insert into ADMIN.PARTECIPANTI_EVENTO (ID_EVENTO,PARTECIPANTE) values ('162','Calcutta');
Insert into ADMIN.PARTECIPANTI_EVENTO (ID_EVENTO,PARTECIPANTE) values ('174','Jacob Marley');
Insert into ADMIN.PARTECIPANTI_EVENTO (ID_EVENTO,PARTECIPANTE) values ('176','David Coverdale');
Insert into ADMIN.PARTECIPANTI_EVENTO (ID_EVENTO,PARTECIPANTE) values ('177','Bruce Dickinson');
Insert into ADMIN.PARTECIPANTI_EVENTO (ID_EVENTO,PARTECIPANTE) values ('178','Ian Gillan');
Insert into ADMIN.PARTECIPANTI_EVENTO (ID_EVENTO,PARTECIPANTE) values ('179','Davide Capitanio');
Insert into ADMIN.PARTECIPANTI_EVENTO (ID_EVENTO,PARTECIPANTE) values ('180','Camera Caronte');
Insert into ADMIN.PARTECIPANTI_EVENTO (ID_EVENTO,PARTECIPANTE) values ('181','Camera Caronte');
Insert into ADMIN.PARTECIPANTI_EVENTO (ID_EVENTO,PARTECIPANTE) values ('182','Umberto Scida');
Insert into ADMIN.PARTECIPANTI_EVENTO (ID_EVENTO,PARTECIPANTE) values ('183','Umberto Scida');
Insert into ADMIN.PARTECIPANTI_EVENTO (ID_EVENTO,PARTECIPANTE) values ('184','Blues ');
Insert into ADMIN.PARTECIPANTI_EVENTO (ID_EVENTO,PARTECIPANTE) values ('185','Yuri Kuklaciov');
Insert into ADMIN.PARTECIPANTI_EVENTO (ID_EVENTO,PARTECIPANTE) values ('186','Yuri Kuklaciov');
Insert into ADMIN.PARTECIPANTI_EVENTO (ID_EVENTO,PARTECIPANTE) values ('187','Yuri Kuklaciov');
Insert into ADMIN.PARTECIPANTI_EVENTO (ID_EVENTO,PARTECIPANTE) values ('193','Carlo Mennella');
Insert into ADMIN.PARTECIPANTI_EVENTO (ID_EVENTO,PARTECIPANTE) values ('194','Carlo Mennella');
Insert into ADMIN.PARTECIPANTI_EVENTO (ID_EVENTO,PARTECIPANTE) values ('195','Alfonso Signorini');
Insert into ADMIN.PARTECIPANTI_EVENTO (ID_EVENTO,PARTECIPANTE) values ('196','Carlo Mennella');
Insert into ADMIN.PARTECIPANTI_EVENTO (ID_EVENTO,PARTECIPANTE) values ('197','Alfonso Signorini');
Insert into ADMIN.PARTECIPANTI_EVENTO (ID_EVENTO,PARTECIPANTE) values ('198','Alfonso Signorini');
Insert into ADMIN.PARTECIPANTI_EVENTO (ID_EVENTO,PARTECIPANTE) values ('199','Alfonso Signorini');
Insert into ADMIN.PARTECIPANTI_EVENTO (ID_EVENTO,PARTECIPANTE) values ('200','Alfonso Signorini');
Insert into ADMIN.PARTECIPANTI_EVENTO (ID_EVENTO,PARTECIPANTE) values ('201','Paolo Fresu');
Insert into ADMIN.PARTECIPANTI_EVENTO (ID_EVENTO,PARTECIPANTE) values ('202','Paolo Fresu');
Insert into ADMIN.PARTECIPANTI_EVENTO (ID_EVENTO,PARTECIPANTE) values ('204','Beppe Scardino');
Insert into ADMIN.PARTECIPANTI_EVENTO (ID_EVENTO,PARTECIPANTE) values ('205','Iverson');
Insert into ADMIN.PARTECIPANTI_EVENTO (ID_EVENTO,PARTECIPANTE) values ('205','Michelangelo');
Insert into ADMIN.PARTECIPANTI_EVENTO (ID_EVENTO,PARTECIPANTE) values ('205','Turner ');
Insert into ADMIN.PARTECIPANTI_EVENTO (ID_EVENTO,PARTECIPANTE) values ('207','Olympiacos ');
REM INSERTING into ADMIN.PERSONA
SET DEFINE OFF;
Insert into ADMIN.PERSONA (CODICE_FISCALE,NOME,COGNOME,DATA_NASCITA) values ('DMRSRG70L06F839N','Sergio','Di Martino',null);
Insert into ADMIN.PERSONA (CODICE_FISCALE,NOME,COGNOME,DATA_NASCITA) values ('NNCVTR93D06M289A','Vittorio','Iannaco',to_date('06-APR-93','DD-MON-RR'));
Insert into ADMIN.PERSONA (CODICE_FISCALE,NOME,COGNOME,DATA_NASCITA) values ('ABCDEFGHI','admin','admin',to_date('07-SEP-18','DD-MON-RR'));
Insert into ADMIN.PERSONA (CODICE_FISCALE,NOME,COGNOME,DATA_NASCITA) values ('CLBZEI39H30D122B','Ezio','Calabresi',to_date('30-JUN-39','DD-MON-RR'));
Insert into ADMIN.PERSONA (CODICE_FISCALE,NOME,COGNOME,DATA_NASCITA) values ('PSNFBN58C58G702W','Fabiana','Pisani',to_date('18-MAR-58','DD-MON-RR'));
Insert into ADMIN.PERSONA (CODICE_FISCALE,NOME,COGNOME,DATA_NASCITA) values ('NLTSVR92A10F839V','Saverio','Napolitano',to_date('10-JAN-92','DD-MON-RR'));
Insert into ADMIN.PERSONA (CODICE_FISCALE,NOME,COGNOME,DATA_NASCITA) values ('LBRMRN66C02F205H','Mariano','Lombardo',to_date('02-MAR-66','DD-MON-RR'));
Insert into ADMIN.PERSONA (CODICE_FISCALE,NOME,COGNOME,DATA_NASCITA) values ('CCCGLL82R15D612C','Galileo','Cocci',to_date('15-OCT-82','DD-MON-RR'));
Insert into ADMIN.PERSONA (CODICE_FISCALE,NOME,COGNOME,DATA_NASCITA) values ('DNSVGL99B16L483E','Virgilio','Udinesi',to_date('16-FEB-99','DD-MON-RR'));
Insert into ADMIN.PERSONA (CODICE_FISCALE,NOME,COGNOME,DATA_NASCITA) values ('SPSMRC93S12F839V','Marco','Esposito',to_date('12-NOV-93','DD-MON-RR'));
Insert into ADMIN.PERSONA (CODICE_FISCALE,NOME,COGNOME,DATA_NASCITA) values ('RGNGRL02M43H501H','Gabriella','Aragona',to_date('03-SEP-02','DD-MON-RR'));
Insert into ADMIN.PERSONA (CODICE_FISCALE,NOME,COGNOME,DATA_NASCITA) values ('CMUMRA65B28H703V','Mario','Cuomo',to_date('28-FEB-65','DD-MON-RR'));
Insert into ADMIN.PERSONA (CODICE_FISCALE,NOME,COGNOME,DATA_NASCITA) values ('TCCNNL95T58H223U','Antonella','Tocchi',to_date('18-DEC-95','DD-MON-RR'));
Insert into ADMIN.PERSONA (CODICE_FISCALE,NOME,COGNOME,DATA_NASCITA) values ('MNNCRL92H03D843W','Cairoli','Mannucci',to_date('03-JUL-18','DD-MON-RR'));
Insert into ADMIN.PERSONA (CODICE_FISCALE,NOME,COGNOME,DATA_NASCITA) values ('MNTCLL92H03D843W','Achille','Montagna',to_date('03-JUL-92','DD-MON-RR'));
Insert into ADMIN.PERSONA (CODICE_FISCALE,NOME,COGNOME,DATA_NASCITA) values ('MNTCLL92H03D843K','Corallino','Monti',to_date('05-FEB-88','DD-MON-RR'));
Insert into ADMIN.PERSONA (CODICE_FISCALE,NOME,COGNOME,DATA_NASCITA) values ('CLTRSO80A01G964F','Rosa','Culetto',to_date('12-MAR-92','DD-MON-RR'));
Insert into ADMIN.PERSONA (CODICE_FISCALE,NOME,COGNOME,DATA_NASCITA) values ('TTNRME80A01G964Y','Erminio','ottone',to_date('07-SEP-97','DD-MON-RR'));
Insert into ADMIN.PERSONA (CODICE_FISCALE,NOME,COGNOME,DATA_NASCITA) values ('LBRRME80A01G964K','Remo','La Barca',to_date('17-JAN-99','DD-MON-RR'));
Insert into ADMIN.PERSONA (CODICE_FISCALE,NOME,COGNOME,DATA_NASCITA) values ('LMPDRA80A01G964O','Dario','Lampa',to_date('28-AUG-89','DD-MON-RR'));
Insert into ADMIN.PERSONA (CODICE_FISCALE,NOME,COGNOME,DATA_NASCITA) values ('SCRCHR80A01D843H','Chiara','Scuro',to_date('11-JUN-68','DD-MON-RR'));
Insert into ADMIN.PERSONA (CODICE_FISCALE,NOME,COGNOME,DATA_NASCITA) values ('CPTLDA96E04A535W','Aldo','Caputo',to_date('04-MAY-96','DD-MON-RR'));
Insert into ADMIN.PERSONA (CODICE_FISCALE,NOME,COGNOME,DATA_NASCITA) values ('MZZCHR93S46L781L','Chiara','Mazzocca',to_date('06-NOV-93','DD-MON-RR'));
Insert into ADMIN.PERSONA (CODICE_FISCALE,NOME,COGNOME,DATA_NASCITA) values ('GMBMNC90E49F205J','Monica','Gamba',to_date('09-MAY-90','DD-MON-RR'));
Insert into ADMIN.PERSONA (CODICE_FISCALE,NOME,COGNOME,DATA_NASCITA) values ('CPPFRZ80E03D122C','Fabrizio','Coppi',to_date('03-MAY-80','DD-MON-RR'));
Insert into ADMIN.PERSONA (CODICE_FISCALE,NOME,COGNOME,DATA_NASCITA) values ('CRDMRA93C06D969O','Mauro','Icardi',to_date('06-MAR-93','DD-MON-RR'));
Insert into ADMIN.PERSONA (CODICE_FISCALE,NOME,COGNOME,DATA_NASCITA) values ('BTTLSS99B49F839V','Alessia','Battilo',to_date('09-FEB-99','DD-MON-RR'));
--------------------------------------------------------
--  DDL for Index IMPIEGATO_PK1
--------------------------------------------------------

  CREATE UNIQUE INDEX "ADMIN"."IMPIEGATO_PK1" ON "ADMIN"."ADDETTO" ("ID") 
  PCTFREE 10 INITRANS 2 MAXTRANS 255 COMPUTE STATISTICS 
  STORAGE(INITIAL 65536 NEXT 1048576 MINEXTENTS 1 MAXEXTENTS 2147483645
  PCTINCREASE 0 FREELISTS 1 FREELIST GROUPS 1 BUFFER_POOL DEFAULT FLASH_CACHE DEFAULT CELL_FLASH_CACHE DEFAULT)
  TABLESPACE "SYSTEM" ;
--------------------------------------------------------
--  DDL for Index IMPIEGATO_UK2
--------------------------------------------------------

  CREATE UNIQUE INDEX "ADMIN"."IMPIEGATO_UK2" ON "ADMIN"."ADDETTO" ("CODICE_FISCALE") 
  PCTFREE 10 INITRANS 2 MAXTRANS 255 COMPUTE STATISTICS 
  STORAGE(INITIAL 65536 NEXT 1048576 MINEXTENTS 1 MAXEXTENTS 2147483645
  PCTINCREASE 0 FREELISTS 1 FREELIST GROUPS 1 BUFFER_POOL DEFAULT FLASH_CACHE DEFAULT CELL_FLASH_CACHE DEFAULT)
  TABLESPACE "SYSTEM" ;
--------------------------------------------------------
--  DDL for Index BIGLIETTI_VENDUTI_PK
--------------------------------------------------------

  CREATE UNIQUE INDEX "ADMIN"."BIGLIETTI_VENDUTI_PK" ON "ADMIN"."BIGLIETTI_VENDUTI" ("IDEVENTO", "IDCLIENTI") 
  PCTFREE 10 INITRANS 2 MAXTRANS 255 COMPUTE STATISTICS 
  STORAGE(INITIAL 65536 NEXT 1048576 MINEXTENTS 1 MAXEXTENTS 2147483645
  PCTINCREASE 0 FREELISTS 1 FREELIST GROUPS 1 BUFFER_POOL DEFAULT FLASH_CACHE DEFAULT CELL_FLASH_CACHE DEFAULT)
  TABLESPACE "SYSTEM" ;
--------------------------------------------------------
--  DDL for Index CLIENTE_PK
--------------------------------------------------------

  CREATE UNIQUE INDEX "ADMIN"."CLIENTE_PK" ON "ADMIN"."CLIENTE" ("ID") 
  PCTFREE 10 INITRANS 2 MAXTRANS 255 COMPUTE STATISTICS 
  STORAGE(INITIAL 65536 NEXT 1048576 MINEXTENTS 1 MAXEXTENTS 2147483645
  PCTINCREASE 0 FREELISTS 1 FREELIST GROUPS 1 BUFFER_POOL DEFAULT FLASH_CACHE DEFAULT CELL_FLASH_CACHE DEFAULT)
  TABLESPACE "SYSTEM" ;
--------------------------------------------------------
--  DDL for Index CLIENTE_UK1
--------------------------------------------------------

  CREATE UNIQUE INDEX "ADMIN"."CLIENTE_UK1" ON "ADMIN"."CLIENTE" ("USERNAME") 
  PCTFREE 10 INITRANS 2 MAXTRANS 255 COMPUTE STATISTICS 
  STORAGE(INITIAL 65536 NEXT 1048576 MINEXTENTS 1 MAXEXTENTS 2147483645
  PCTINCREASE 0 FREELISTS 1 FREELIST GROUPS 1 BUFFER_POOL DEFAULT FLASH_CACHE DEFAULT CELL_FLASH_CACHE DEFAULT)
  TABLESPACE "SYSTEM" ;
--------------------------------------------------------
--  DDL for Index CLIENTE_UK2
--------------------------------------------------------

  CREATE UNIQUE INDEX "ADMIN"."CLIENTE_UK2" ON "ADMIN"."CLIENTE" ("CODICE_FISCALE") 
  PCTFREE 10 INITRANS 2 MAXTRANS 255 COMPUTE STATISTICS 
  STORAGE(INITIAL 65536 NEXT 1048576 MINEXTENTS 1 MAXEXTENTS 2147483645
  PCTINCREASE 0 FREELISTS 1 FREELIST GROUPS 1 BUFFER_POOL DEFAULT FLASH_CACHE DEFAULT CELL_FLASH_CACHE DEFAULT)
  TABLESPACE "SYSTEM" ;
--------------------------------------------------------
--  DDL for Index EVENTO_UK1
--------------------------------------------------------

  CREATE UNIQUE INDEX "ADMIN"."EVENTO_UK1" ON "ADMIN"."EVENTO" ("NOME", "LUOGO", "DATA", "PREZZO", "DESCRIZIONE", "TIPOLOGIA") 
  PCTFREE 10 INITRANS 2 MAXTRANS 255 COMPUTE STATISTICS 
  STORAGE(INITIAL 65536 NEXT 1048576 MINEXTENTS 1 MAXEXTENTS 2147483645
  PCTINCREASE 0 FREELISTS 1 FREELIST GROUPS 1 BUFFER_POOL DEFAULT FLASH_CACHE DEFAULT CELL_FLASH_CACHE DEFAULT)
  TABLESPACE "SYSTEM" ;
--------------------------------------------------------
--  DDL for Index EVENTO_UK2
--------------------------------------------------------

  CREATE UNIQUE INDEX "ADMIN"."EVENTO_UK2" ON "ADMIN"."EVENTO" ("LUOGO", "DATA") 
  PCTFREE 10 INITRANS 2 MAXTRANS 255 COMPUTE STATISTICS 
  STORAGE(INITIAL 65536 NEXT 1048576 MINEXTENTS 1 MAXEXTENTS 2147483645
  PCTINCREASE 0 FREELISTS 1 FREELIST GROUPS 1 BUFFER_POOL DEFAULT FLASH_CACHE DEFAULT CELL_FLASH_CACHE DEFAULT)
  TABLESPACE "SYSTEM" ;
--------------------------------------------------------
--  DDL for Index EVENTO_PK
--------------------------------------------------------

  CREATE UNIQUE INDEX "ADMIN"."EVENTO_PK" ON "ADMIN"."EVENTO" ("ID") 
  PCTFREE 10 INITRANS 2 MAXTRANS 255 COMPUTE STATISTICS 
  STORAGE(INITIAL 65536 NEXT 1048576 MINEXTENTS 1 MAXEXTENTS 2147483645
  PCTINCREASE 0 FREELISTS 1 FREELIST GROUPS 1 BUFFER_POOL DEFAULT FLASH_CACHE DEFAULT CELL_FLASH_CACHE DEFAULT)
  TABLESPACE "SYSTEM" ;
--------------------------------------------------------
--  DDL for Index IMPIEGATO_PK2
--------------------------------------------------------

  CREATE UNIQUE INDEX "ADMIN"."IMPIEGATO_PK2" ON "ADMIN"."IMPIEGATO" ("ID") 
  PCTFREE 10 INITRANS 2 MAXTRANS 255 COMPUTE STATISTICS 
  STORAGE(INITIAL 65536 NEXT 1048576 MINEXTENTS 1 MAXEXTENTS 2147483645
  PCTINCREASE 0 FREELISTS 1 FREELIST GROUPS 1 BUFFER_POOL DEFAULT FLASH_CACHE DEFAULT CELL_FLASH_CACHE DEFAULT)
  TABLESPACE "SYSTEM" ;
--------------------------------------------------------
--  DDL for Index PARTECIPANTI_EVENTO_PK
--------------------------------------------------------

  CREATE UNIQUE INDEX "ADMIN"."PARTECIPANTI_EVENTO_PK" ON "ADMIN"."PARTECIPANTI_EVENTO" ("ID_EVENTO", "PARTECIPANTE") 
  PCTFREE 10 INITRANS 2 MAXTRANS 255 COMPUTE STATISTICS 
  STORAGE(INITIAL 65536 NEXT 1048576 MINEXTENTS 1 MAXEXTENTS 2147483645
  PCTINCREASE 0 FREELISTS 1 FREELIST GROUPS 1 BUFFER_POOL DEFAULT FLASH_CACHE DEFAULT CELL_FLASH_CACHE DEFAULT)
  TABLESPACE "SYSTEM" ;
--------------------------------------------------------
--  DDL for Index IMPIEGATO_PK
--------------------------------------------------------

  CREATE UNIQUE INDEX "ADMIN"."IMPIEGATO_PK" ON "ADMIN"."PERSONA" ("CODICE_FISCALE") 
  PCTFREE 10 INITRANS 2 MAXTRANS 255 COMPUTE STATISTICS 
  STORAGE(INITIAL 65536 NEXT 1048576 MINEXTENTS 1 MAXEXTENTS 2147483645
  PCTINCREASE 0 FREELISTS 1 FREELIST GROUPS 1 BUFFER_POOL DEFAULT FLASH_CACHE DEFAULT CELL_FLASH_CACHE DEFAULT)
  TABLESPACE "SYSTEM" ;
--------------------------------------------------------
--  DDL for Trigger ID_INCREMENT
--------------------------------------------------------

  CREATE OR REPLACE TRIGGER "ADMIN"."ID_INCREMENT" 
BEFORE INSERT ON ADDETTO
FOR EACH ROW

BEGIN
  SELECT ID_SEQ.NEXTVAL
  INTO   :new.ID
  FROM  DUAL;
END;








/
ALTER TRIGGER "ADMIN"."ID_INCREMENT" ENABLE;
--------------------------------------------------------
--  DDL for Trigger CL_ID_INCREMENT
--------------------------------------------------------

  CREATE OR REPLACE TRIGGER "ADMIN"."CL_ID_INCREMENT" 
BEFORE INSERT ON CLIENTE
FOR EACH ROW

BEGIN
  SELECT CL_ID_SEQ.NEXTVAL
  INTO   :new.ID
  FROM  DUAL;
END;







/
ALTER TRIGGER "ADMIN"."CL_ID_INCREMENT" ENABLE;
--------------------------------------------------------
--  DDL for Trigger EV_ID_INCREMENT
--------------------------------------------------------

  CREATE OR REPLACE TRIGGER "ADMIN"."EV_ID_INCREMENT" 
BEFORE INSERT ON EVENTO
FOR EACH ROW

BEGIN
  SELECT EV_ID_SEQ.NEXTVAL
  INTO   :new.ID
  FROM  DUAL;
END;








/
ALTER TRIGGER "ADMIN"."EV_ID_INCREMENT" ENABLE;
--------------------------------------------------------
--  DDL for Synonymn DUAL
--------------------------------------------------------

  CREATE OR REPLACE PUBLIC SYNONYM "DUAL" FOR "SYS"."DUAL";
--------------------------------------------------------
--  Constraints for Table ADDETTO
--------------------------------------------------------

  ALTER TABLE "ADMIN"."ADDETTO" ADD CONSTRAINT "ADDETTO_UK2" UNIQUE ("CODICE_FISCALE")
  USING INDEX PCTFREE 10 INITRANS 2 MAXTRANS 255 COMPUTE STATISTICS 
  STORAGE(INITIAL 65536 NEXT 1048576 MINEXTENTS 1 MAXEXTENTS 2147483645
  PCTINCREASE 0 FREELISTS 1 FREELIST GROUPS 1 BUFFER_POOL DEFAULT FLASH_CACHE DEFAULT CELL_FLASH_CACHE DEFAULT)
  TABLESPACE "SYSTEM"  ENABLE;
  ALTER TABLE "ADMIN"."ADDETTO" MODIFY ("ID" NOT NULL ENABLE);
  ALTER TABLE "ADMIN"."ADDETTO" MODIFY ("CODICE_FISCALE" NOT NULL ENABLE);
  ALTER TABLE "ADMIN"."ADDETTO" ADD CONSTRAINT "ADDETTO_PK" PRIMARY KEY ("ID")
  USING INDEX PCTFREE 10 INITRANS 2 MAXTRANS 255 COMPUTE STATISTICS 
  STORAGE(INITIAL 65536 NEXT 1048576 MINEXTENTS 1 MAXEXTENTS 2147483645
  PCTINCREASE 0 FREELISTS 1 FREELIST GROUPS 1 BUFFER_POOL DEFAULT FLASH_CACHE DEFAULT CELL_FLASH_CACHE DEFAULT)
  TABLESPACE "SYSTEM"  ENABLE;
  ALTER TABLE "ADMIN"."ADDETTO" MODIFY ("DATA_ASSUNZIONE" NOT NULL ENABLE);
  ALTER TABLE "ADMIN"."ADDETTO" MODIFY ("STIPENDIO" NOT NULL ENABLE);
--------------------------------------------------------
--  Constraints for Table BIGLIETTI_VENDUTI
--------------------------------------------------------

  ALTER TABLE "ADMIN"."BIGLIETTI_VENDUTI" ADD CONSTRAINT "BIGLIETTI_VENDUTI_PK" PRIMARY KEY ("IDEVENTO", "IDCLIENTI")
  USING INDEX PCTFREE 10 INITRANS 2 MAXTRANS 255 COMPUTE STATISTICS 
  STORAGE(INITIAL 65536 NEXT 1048576 MINEXTENTS 1 MAXEXTENTS 2147483645
  PCTINCREASE 0 FREELISTS 1 FREELIST GROUPS 1 BUFFER_POOL DEFAULT FLASH_CACHE DEFAULT CELL_FLASH_CACHE DEFAULT)
  TABLESPACE "SYSTEM"  ENABLE;
  ALTER TABLE "ADMIN"."BIGLIETTI_VENDUTI" MODIFY ("IDCLIENTI" NOT NULL ENABLE);
  ALTER TABLE "ADMIN"."BIGLIETTI_VENDUTI" MODIFY ("IDEVENTO" NOT NULL ENABLE);
--------------------------------------------------------
--  Constraints for Table CLIENTE
--------------------------------------------------------

  ALTER TABLE "ADMIN"."CLIENTE" MODIFY ("ID" NOT NULL ENABLE);
  ALTER TABLE "ADMIN"."CLIENTE" MODIFY ("USERNAME" NOT NULL ENABLE);
  ALTER TABLE "ADMIN"."CLIENTE" MODIFY ("PASSWORD" NOT NULL ENABLE);
  ALTER TABLE "ADMIN"."CLIENTE" MODIFY ("CODICE_FISCALE" NOT NULL ENABLE);
  ALTER TABLE "ADMIN"."CLIENTE" MODIFY ("EMAIL" NOT NULL ENABLE);
  ALTER TABLE "ADMIN"."CLIENTE" ADD CONSTRAINT "CLIENTE_UK1" UNIQUE ("USERNAME")
  USING INDEX PCTFREE 10 INITRANS 2 MAXTRANS 255 COMPUTE STATISTICS 
  STORAGE(INITIAL 65536 NEXT 1048576 MINEXTENTS 1 MAXEXTENTS 2147483645
  PCTINCREASE 0 FREELISTS 1 FREELIST GROUPS 1 BUFFER_POOL DEFAULT FLASH_CACHE DEFAULT CELL_FLASH_CACHE DEFAULT)
  TABLESPACE "SYSTEM"  ENABLE;
  ALTER TABLE "ADMIN"."CLIENTE" ADD CONSTRAINT "CLIENTE_PK" PRIMARY KEY ("ID")
  USING INDEX PCTFREE 10 INITRANS 2 MAXTRANS 255 COMPUTE STATISTICS 
  STORAGE(INITIAL 65536 NEXT 1048576 MINEXTENTS 1 MAXEXTENTS 2147483645
  PCTINCREASE 0 FREELISTS 1 FREELIST GROUPS 1 BUFFER_POOL DEFAULT FLASH_CACHE DEFAULT CELL_FLASH_CACHE DEFAULT)
  TABLESPACE "SYSTEM"  ENABLE;
  ALTER TABLE "ADMIN"."CLIENTE" ADD CONSTRAINT "CLIENTE_UK2" UNIQUE ("CODICE_FISCALE")
  USING INDEX PCTFREE 10 INITRANS 2 MAXTRANS 255 COMPUTE STATISTICS 
  STORAGE(INITIAL 65536 NEXT 1048576 MINEXTENTS 1 MAXEXTENTS 2147483645
  PCTINCREASE 0 FREELISTS 1 FREELIST GROUPS 1 BUFFER_POOL DEFAULT FLASH_CACHE DEFAULT CELL_FLASH_CACHE DEFAULT)
  TABLESPACE "SYSTEM"  ENABLE;
--------------------------------------------------------
--  Constraints for Table EVENTO
--------------------------------------------------------

  ALTER TABLE "ADMIN"."EVENTO" MODIFY ("GENERE" NOT NULL ENABLE);
  ALTER TABLE "ADMIN"."EVENTO" MODIFY ("CITTA" NOT NULL ENABLE);
  ALTER TABLE "ADMIN"."EVENTO" MODIFY ("CAPIENZA_EVENTO" NOT NULL ENABLE);
  ALTER TABLE "ADMIN"."EVENTO" ADD CONSTRAINT "EVENTO_UK1" UNIQUE ("LUOGO", "DATA")
  USING INDEX PCTFREE 10 INITRANS 2 MAXTRANS 255 COMPUTE STATISTICS 
  STORAGE(INITIAL 65536 NEXT 1048576 MINEXTENTS 1 MAXEXTENTS 2147483645
  PCTINCREASE 0 FREELISTS 1 FREELIST GROUPS 1 BUFFER_POOL DEFAULT FLASH_CACHE DEFAULT CELL_FLASH_CACHE DEFAULT)
  TABLESPACE "SYSTEM"  ENABLE;
  ALTER TABLE "ADMIN"."EVENTO" MODIFY ("ID" NOT NULL ENABLE);
  ALTER TABLE "ADMIN"."EVENTO" MODIFY ("LUOGO" NOT NULL ENABLE);
  ALTER TABLE "ADMIN"."EVENTO" MODIFY ("DATA" NOT NULL ENABLE);
  ALTER TABLE "ADMIN"."EVENTO" MODIFY ("PREZZO" NOT NULL ENABLE);
  ALTER TABLE "ADMIN"."EVENTO" ADD CONSTRAINT "EVENTO_PK" PRIMARY KEY ("ID")
  USING INDEX PCTFREE 10 INITRANS 2 MAXTRANS 255 COMPUTE STATISTICS 
  STORAGE(INITIAL 65536 NEXT 1048576 MINEXTENTS 1 MAXEXTENTS 2147483645
  PCTINCREASE 0 FREELISTS 1 FREELIST GROUPS 1 BUFFER_POOL DEFAULT FLASH_CACHE DEFAULT CELL_FLASH_CACHE DEFAULT)
  TABLESPACE "SYSTEM"  ENABLE;
  ALTER TABLE "ADMIN"."EVENTO" MODIFY ("NOME" NOT NULL ENABLE);
  ALTER TABLE "ADMIN"."EVENTO" MODIFY ("TIPOLOGIA" NOT NULL ENABLE);
--------------------------------------------------------
--  Constraints for Table IMPIEGATO
--------------------------------------------------------

  ALTER TABLE "ADMIN"."IMPIEGATO" MODIFY ("ID" NOT NULL ENABLE);
  ALTER TABLE "ADMIN"."IMPIEGATO" ADD CONSTRAINT "IMPIEGATO_PK" PRIMARY KEY ("ID")
  USING INDEX PCTFREE 10 INITRANS 2 MAXTRANS 255 COMPUTE STATISTICS 
  STORAGE(INITIAL 65536 NEXT 1048576 MINEXTENTS 1 MAXEXTENTS 2147483645
  PCTINCREASE 0 FREELISTS 1 FREELIST GROUPS 1 BUFFER_POOL DEFAULT FLASH_CACHE DEFAULT CELL_FLASH_CACHE DEFAULT)
  TABLESPACE "SYSTEM"  ENABLE;
  ALTER TABLE "ADMIN"."IMPIEGATO" ADD CONSTRAINT "IMPIEGATO_CHK1" CHECK (ADMIN in ( 'V', 'X' )) ENABLE;
--------------------------------------------------------
--  Constraints for Table PARTECIPANTI_EVENTO
--------------------------------------------------------

  ALTER TABLE "ADMIN"."PARTECIPANTI_EVENTO" ADD CONSTRAINT "PARTECIPANTI_EVENTO_PK" PRIMARY KEY ("ID_EVENTO", "PARTECIPANTE")
  USING INDEX PCTFREE 10 INITRANS 2 MAXTRANS 255 COMPUTE STATISTICS 
  STORAGE(INITIAL 65536 NEXT 1048576 MINEXTENTS 1 MAXEXTENTS 2147483645
  PCTINCREASE 0 FREELISTS 1 FREELIST GROUPS 1 BUFFER_POOL DEFAULT FLASH_CACHE DEFAULT CELL_FLASH_CACHE DEFAULT)
  TABLESPACE "SYSTEM"  ENABLE;
  ALTER TABLE "ADMIN"."PARTECIPANTI_EVENTO" MODIFY ("ID_EVENTO" NOT NULL ENABLE);
  ALTER TABLE "ADMIN"."PARTECIPANTI_EVENTO" MODIFY ("PARTECIPANTE" NOT NULL ENABLE);
--------------------------------------------------------
--  Constraints for Table PERSONA
--------------------------------------------------------

  ALTER TABLE "ADMIN"."PERSONA" MODIFY ("CODICE_FISCALE" NOT NULL ENABLE);
  ALTER TABLE "ADMIN"."PERSONA" MODIFY ("NOME" NOT NULL ENABLE);
  ALTER TABLE "ADMIN"."PERSONA" MODIFY ("COGNOME" NOT NULL ENABLE);
  ALTER TABLE "ADMIN"."PERSONA" ADD CONSTRAINT "PERSONA_PK" PRIMARY KEY ("CODICE_FISCALE")
  USING INDEX PCTFREE 10 INITRANS 2 MAXTRANS 255 COMPUTE STATISTICS 
  STORAGE(INITIAL 65536 NEXT 1048576 MINEXTENTS 1 MAXEXTENTS 2147483645
  PCTINCREASE 0 FREELISTS 1 FREELIST GROUPS 1 BUFFER_POOL DEFAULT FLASH_CACHE DEFAULT CELL_FLASH_CACHE DEFAULT)
  TABLESPACE "SYSTEM"  ENABLE;
